index,task,url,source,functional_category,profile,required_actions
3pgcXaIyKP86RuRIAYxuL,View the toddler collection and add one pair of the cheapest socks for a 6 months to 5 years to the wishlist in uniqlo,https://www.uniqlo.com,mind_2_web_train,transactional_commerce,commerce_platform,['add_to_list']
Z4sN-x3Om-1ceaX-MGZOh,Add to my cart a women's T-shirt priced under 10 dollars in uniqlo,https://www.uniqlo.com,mind_2_web_train,transactional_commerce,commerce_platform,['add_to_cart']
U48JEskxYwDR2suJariKt,Schedule COVID-19 test appointment at 90028 in cvs,https://www.cvs.com,mind_2_web_train,transactional_commerce,commerce_platform,['schedule_appointment']
ERwj-HJ1LyzPg78HDFLXl,Add a NBA basketball game for the PS5 to the shoping cart in gamestop,https://www.gamestop.com,mind_2_web_train,transactional_commerce,commerce_platform,['add_to_cart']
PXNnM5AIwCbqfP9xGvbGF,"Trade in a Nemo Front Porch 2P Tent via mail with my membership info Joe Bloggs, phone number 123456789 in rei",https://www.rei.com,mind_2_web_train,transactional_commerce,commerce_platform,['trade_in_item']
iqjHVXgRt7rDjJLy88EDX,"Send a 50-dollar home sweet home gift to my friend John with the message Congrats on your new home, and add this card to your cart and checkout in menards",https://www.menards.com,mind_2_web_train,transactional_commerce,commerce_platform,"['add_to_cart', 'checkout']"
4mvk0HOEdSNyXU_bN4t3t,Add a CVS brand covid home test kit to the cart in cvs,https://www.cvs.com,mind_2_web_train,transactional_commerce,commerce_platform,['add_to_cart']
A7Up6gk7TOHyt9JQi3q_-,Add cheapest vitamin C and D to cart in cvs,https://www.cvs.com,mind_2_web_train,transactional_commerce,commerce_platform,['add_to_cart']
20FCgYpxo46TXUhCKHWwg,Show offers on home essentials under $10 and add the first 3 items to favorites  in ikea,https://www.ikea.com,mind_2_web_train,transactional_commerce,commerce_platform,['add_to_list']
Nu3toZ1yyvv1s9Ftfjrme,"Find the cheapest surge protector with 6 to 8 outlets under 25 dollars with customer reviews above 4+, add 2 pieces to the cart in amazon",https://www.amazon.com,mind_2_web_train,transactional_commerce,commerce_platform,['add_to_cart']
yD3SHg-3yHxUm0FUanCrg,Find Dota 2 game and add all DLC to cart in steam,https://store.steampowered.com,mind_2_web_train,transactional_commerce,commerce_platform,['add_to_cart']
fsUmYceXQAE1lUfA183e7,Buy the number 4 ranked board game on the geekmarket in boardgamegeek,https://boardgamegeek.com,mind_2_web_train,transactional_commerce,commerce_platform,['checkout']
BjbRT3SNSF2SxNhAtSXVj,Find organic dog food and add it to the cart in target,https://www.target.com,mind_2_web_train,transactional_commerce,commerce_platform,['add_to_cart']
ZRq7EDGfNJ5NBmy9hTgJG,Find spare parts with part number 105307 and add 2 of them to cart in ikea,https://www.ikea.com,mind_2_web_train,transactional_commerce,commerce_platform,['add_to_cart']
X5m9qkSNQOIWI3CG09YpA,Track an order using the order number of 456481897 and phone number of 8984486417 in menards,https://www.menards.com,mind_2_web_train,transactional_commerce,commerce_platform,['track_order']
Wv_JGFcLQjNeixfgvi_LN,Find a men's UA outlet T-shirt of XL size and add to cart in underarmour,https://www.underarmour.co.uk,mind_2_web_train,transactional_commerce,commerce_platform,['add_to_cart']
UzNfnbCsQU9VbyuaUY9ID,"Buy a $25 digital gift card for Tim Stebee, whose email address is scisoorbros@gmail.com. Fill in sender name Jeerimiah Waton in gamestop",https://www.gamestop.com,mind_2_web_train,transactional_commerce,commerce_platform,['checkout']
UoI3S1NseUPgO195KNgml,"Find a pair of mens running shoes in black, size 7 extra wide, 4+ stars and under $50 and add them to my cart in amazon",https://www.amazon.com,mind_2_web_train,transactional_commerce,commerce_platform,['add_to_cart']
T6OXnL81KmfZhInorCJ7g,"Add $100 Google Play Gift Card to cart and recipient email address as abc@abc.com, user's name as Micheal in Amazon",https://www.amazon.com,mind_2_web_train,transactional_commerce,commerce_platform,['add_to_cart']
SWZ9bPJuEfhVn3zj7Aemm,Renew a existing KOA rewards account with the rewards number 1000000001 e postal code 10023 in koa,https://koa.com,mind_2_web_train,membership_services,commerce_platform,['start_membership']
SDkn6SOxhr4DMv4seBepo,Add zyrtec to the cart for pickup at the nearest  CVS to zip code 90028 in cvs,https://www.cvs.com,mind_2_web_train,transactional_commerce,commerce_platform,['add_to_cart']
rPr8bIONPSXD0LlKoN4gF,Add two $50 playstation store gift cards to cart in gamestop,https://www.gamestop.com,mind_2_web_train,transactional_commerce,commerce_platform,['add_to_cart']
QVzXOEzKiGiA5j28d644i,Upgrade the count of the current SSD in my cart to 10 in newegg,https://www.newegg.com,mind_2_web_train,transactional_commerce,commerce_platform,['update_cart']
pIWJqqtx19A-qKymEDRYB,Add a set of sonoma bath towels to the cart and apply a coupon code for free shipping in kohls,https://www.kohls.com,mind_2_web_train,transactional_commerce,commerce_platform,"['add_to_cart', 'apply_coupon']"
ODAiMd9KUjC7Jv7eodHqp,Add a pack of toilet paper and a bottle of laundry detergent to your Amazon cart with the lowest total price in amazon,https://www.amazon.com,mind_2_web_train,transactional_commerce,commerce_platform,['add_to_cart']
NqIhBKgfMnt9rIGrSuSdK,"Buy a pop rock album CD from the United Kingdom that was released in 2016, is between £15 and £20 and in perfect condition in discogs",https://www.discogs.com,mind_2_web_train,transactional_commerce,commerce_platform,['checkout']
nej7uc83sGQeppBxH8WOh,Add the ghost frame to your avatar using steam points in store.steampowered,https://store.steampowered.com,mind_2_web_train,transactional_commerce,commerce_platform,['update_profile']
KBZ6-_jZXfSqzE--JG56z,Buy the cheapest copy of King of Tokyo on GeekMarket that ships to Canada in boardgamegeek,https://boardgamegeek.com,mind_2_web_train,transactional_commerce,commerce_platform,['checkout']
hknt-JMtNFsM7--Ltpmth,Search for Gingerbread cakes recipe and add ingredients to cart in instacart,https://www.instacart.com,mind_2_web_train,transactional_commerce,commerce_platform,['add_to_cart']
gNTYI3w9lZ873T4b3TDUV,"Find the cheapest Samsung-made and larger than 11-inch screen Android tablet, in the price range of 200 to 300 dollars and add it to the cart in newegg",https://www.newegg.com,mind_2_web_train,transactional_commerce,commerce_platform,['add_to_cart']
GHJZbAame0r4eMAutWlIc,Browse for trending women sports bras and add 3 trending black bras to Wishlist in underarmour,https://www.underarmour.com,mind_2_web_train,transactional_commerce,commerce_platform,['add_to_list']
ExAjHuxov2758pk_-H6nk,"Find a multi-purpose painting tool available for pick up at zip 44240, if the brand Red Devil is available, add the cheapest one to the wishlist and view my complete wish list in menards",https://www.menards.com,mind_2_web_train,transactional_commerce,commerce_platform,"['add_to_list', 'view_list']"
DKVD-ophgCKtDzTA6T65R,Find a Blue iPhone 12 Pro 128gb and add to cart in ebay,https://www.ebay.com,mind_2_web_train,transactional_commerce,commerce_platform,['add_to_cart']
C42_KpE7T8UhZTmGhVLi3,"Add a new address to the account. The address is 2983 Marietta Street,  APT 2. Business name is Buck in instacart",https://www.instacart.com,mind_2_web_train,transactional_commerce,commerce_platform,['update_contact_information']
7zz6HbWiPfZ8dhCo_5CsY,Add Western Digital internal SSD with 1TB storage and 8GB Ram DDR to the cart in newegg,https://www.newegg.com,mind_2_web_train,transactional_commerce,commerce_platform,['add_to_cart']
4SfHe_KvpzaITQzGO6MVB,Add a smartwatch to the cart that is compatible with an iPhone in amazon,https://www.amazon.com,mind_2_web_train,transactional_commerce,commerce_platform,['add_to_cart']
3RLzqsxoItEoOZlm3dwjy,Add a e-gift card to bag of $100 for recipient John and email address abc@test.com from buckeye.foobar@gmail.com with message gift card on underarmour,https://www.underarmour.com,mind_2_web_test,transactional_commerce,commerce_platform,['add_to_cart']
Bvywj9SzJD5eYeZrtYY3m,"Add the first wireless headphones to your cart with a budget of $100 or less, that has an active noise-cancelling feature on amazon",https://www.amazon.com,mind_2_web_test,transactional_commerce,commerce_platform,['add_to_cart']
DAabNkqk7gX0dHEcC0sbd,"Find 32"" Curved monitor and add the third one to the wish list on newegg",https://www.newegg.com,mind_2_web_test,transactional_commerce,commerce_platform,['add_to_list']
FtCFJNz4WhhewmINgVRu5,Select a E-Gift card and add to cart with Best Wishes as a message. Send it to James Smith with email abc@abc.com on rei,https://www.rei.com,mind_2_web_test,transactional_commerce,commerce_platform,['add_to_cart']
fuEsXYy-LGfFLHqNw9zWt,Add a front load washing machine under $800 to the cart on menards.,https://www.menards.com,mind_2_web_test,transactional_commerce,commerce_platform,['add_to_cart']
p5Rh2uknkoIwgRqseo6wB,Find bluetooth vertical mouse with most reviews and add two to my shopping cart on newegg.,https://www.newegg.com,mind_2_web_test,transactional_commerce,commerce_platform,['add_to_cart']
QiIBNsu__PJ_wBbTxAzvf,Add a Swivel vacuum under $150 to my cart on menards.,https://www.menards.com,mind_2_web_test,transactional_commerce,commerce_platform,['add_to_cart']
wi4SWrbpRBBQkq5cR9bmD,Create a new list called Bathroom Remodeling on menards,https://www.menards.com,mind_2_web_test,transactional_commerce,commerce_platform,['create_list']
Amazon--5,Find a Blue iPhone 12 Pro 128gb and add to cart.,https://www.amazon.com,web_voyager,transactional_commerce,commerce_platform,['add_to_cart']
Amazon--20,Search for a wireless ergonomic keyboard with backlighting and a rating of at least 4 stars. The price should be between $40 to $60. Save the product with the 500+ customer reviews.,https://www.amazon.com,web_voyager,transactional_commerce,commerce_platform,['rate_item']
722,"Write and submit a 4-star review for ""Chipotle Mexican Grill"" praising the customizable bowl options.
Only use http://grubhub.com to achieve the task. Don't go to any other site. The task is achievable with just navigation from this site.",https://www.grubhub.com,webbench_food_and_dining,food_services,commerce_platform,['create_review']
723,"Create a new review for ""McDonald's"" by giving it a 3-star rating along with detailed comments about the drive-thru service.
Only use http://grubhub.com to achieve the task. Don't go to any other site. The task is achievable with just navigation from this site.",https://www.grubhub.com,webbench_food_and_dining,food_services,commerce_platform,['create_review']
724,"Add ""Domino's Pizza"" near zip code 10015 to your list of favorite restaurants on Grubhub.
Only use http://grubhub.com to achieve the task. Don't go to any other site. The task is achievable with just navigation from this site.",https://www.grubhub.com,webbench_food_and_dining,food_services,commerce_platform,['add_to_list']
725,"Place a new order for a pepperoni pizza from ""Domino's Pizza"" and include an instruction to add extra cheese.
Only use http://grubhub.com to achieve the task. Don't go to any other site. The task is achievable with just navigation from this site.",https://www.grubhub.com,webbench_food_and_dining,food_services,commerce_platform,['checkout']
726,"Log in and save ""Panda Express"" near zip code 10004 to your list of favorite restaurants.
Only use http://grubhub.com to achieve the task. Don't go to any other site. The task is achievable with just navigation from this site.",https://www.grubhub.com,webbench_food_and_dining,food_services,commerce_platform,['add_to_list']
727,"Write a 5-star review for ""Subway"" emphasizing the freshness of its vegetables and the quality of its sandwiches.
Only use http://grubhub.com to achieve the task. Don't go to any other site. The task is achievable with just navigation from this site.",https://www.grubhub.com,webbench_food_and_dining,food_services,commerce_platform,['create_review']
728,"Add a new delivery address ""123 Main Street, Chicago, IL"" to your account profile.
Only use http://grubhub.com to achieve the task. Don't go to any other site. The task is achievable with just navigation from this site.",https://www.grubhub.com,webbench_food_and_dining,food_services,commerce_platform,['update_contact_information']
729,"Place an order for a 10-piece chicken bucket with mashed potatoes from ""KFC"". Pick one side order at random, and add this to the order. 
Only use http://grubhub.com to achieve the task. Don't go to any other site. The task is achievable with just navigation from this site.",https://www.grubhub.com,webbench_food_and_dining,food_services,commerce_platform,['checkout']
730,"FInd ""Smash House Burgers Queens"" near 555 Main Street in New York, NY. Then add a Jalapeno Smash to your order.
Only use http://grubhub.com to achieve the task. Don't go to any other site. The task is achievable with just navigation from this site.",https://www.grubhub.com,webbench_food_and_dining,food_services,commerce_platform,['checkout']
731,"Submit a review for ""In-N-Out Burger"" highlighting excellent customer service and overall dining experience.
Only use http://grubhub.com to achieve the task. Don't go to any other site. The task is achievable with just navigation from this site.",https://www.grubhub.com,webbench_food_and_dining,food_services,commerce_platform,['create_review']
732,"Create an order for a """"Shackburger"" from ""Shake Shack"" with a note requesting extra pickles.
Only use http://grubhub.com to achieve the task. Don't go to any other site. The task is achievable with just navigation from this site.",https://www.grubhub.com,webbench_food_and_dining,food_services,commerce_platform,['checkout']
733,"Create an order for a """"SmokeShack"" from ""Shake Shack"" with a note requesting no cheese.
Only use http://grubhub.com to achieve the task. Don't go to any other site. The task is achievable with just navigation from this site.",https://www.grubhub.com,webbench_food_and_dining,food_services,commerce_platform,['checkout']
734,"Write a review for ""Olive Garden"" noting your enjoyment of their pasta dishes and the restaurant's ambiance.
Only use http://grubhub.com to achieve the task. Don't go to any other site. The task is achievable with just navigation from this site.",https://www.grubhub.com,webbench_food_and_dining,food_services,commerce_platform,['create_review']
735,"Place an order for a ""Vegan Salad Bowl"" from a local healthy eatery near zip code 10004, including a special instruction for extra dressing.
Only use http://grubhub.com to achieve the task. Don't go to any other site. The task is achievable with just navigation from this site.",https://www.grubhub.com,webbench_food_and_dining,food_services,commerce_platform,['checkout']
736,"Place a new order from ""Culver's"" for a ButterBurger accompanied by a side of waffle fries. Ensure that the delivery time is less than 50 minutes. If it is more than 50 minutes, find a different restaurant that has <50 minute wait time and recommend a similar order.
Only use http://grubhub.com to achieve the task. Don't go to any other site. The task is achievable with just navigation from this site.",https://www.grubhub.com,webbench_food_and_dining,food_services,commerce_platform,['checkout']
737,"Place an order for pickup of a ""Bacon King"" at 2 separate Burger Kings in 2 separate states. Then compare the prices of the overall orders, citing if anything led to a change in price.
Only use http://grubhub.com to achieve the task. Don't go to any other site. The task is achievable with just navigation from this site.",https://www.grubhub.com,webbench_food_and_dining,food_services,commerce_platform,['checkout']
738,"Write a review for ""Starbucks"" describing your experience with their breakfast menu and the quality of their beverages.
Only use http://grubhub.com to achieve the task. Don't go to any other site. The task is achievable with just navigation from this site.",https://www.grubhub.com,webbench_food_and_dining,food_services,commerce_platform,['create_review']
739,"Order an iced latte from Dunkin Donuts, and add a delivery note to your pending order from ""Dunkin' Donuts"" requesting extra napkins with your coffee.
Only use http://grubhub.com to achieve the task. Don't go to any other site. The task is achievable with just navigation from this site.",https://www.grubhub.com,webbench_food_and_dining,food_services,commerce_platform,['checkout']
740,"Order a lunch combo from ""Chick-fil-A"" and include a special request for a specific dipping sauce, Chick-fil-a sauce.
Only use http://grubhub.com to achieve the task. Don't go to any other site. The task is achievable with just navigation from this site.",https://www.grubhub.com,webbench_food_and_dining,food_services,commerce_platform,['checkout']
741,"Log in to your account and add ""KFC"" to your list of favorite restaurants, and then remove ""KFC"" from your list of favorite restaurants.
Only use http://grubhub.com to achieve the task. Don't go to any other site. The task is achievable with just navigation from this site.",https://www.grubhub.com,webbench_food_and_dining,food_services,commerce_platform,"['add_to_list', 'remove_from_list']"
742,"Log in and add a review to a McDonald's near zip code 10013. Then delete the review you previously submitted for ""McDonald's,"" confirming its removal from your account.
Only use http://grubhub.com to achieve the task. Don't go to any other site. The task is achievable with just navigation from this site.",https://www.grubhub.com,webbench_food_and_dining,food_services,commerce_platform,"['create_review', 'delete_review']"
749,"Log in to your Grubhub account, navigate to your saved addresses, and update your primary delivery address first to 555 Main Street, New York, NY to 456 Elm Street, Chicago, IL.
Only use http://grubhub.com to achieve the task. Don't go to any other site. The task is achievable with just navigation from this site.",https://www.grubhub.com,webbench_food_and_dining,food_services,commerce_platform,['update_contact_information']
1442,"Log in to RestaurantGuru and submit a new review for ""Rubirosa NYC"" with a 4-star rating, including a comment praising their excellent pizza.
Only use http://restaurantguru.com to achieve the task. Don't go to any other site. The task is achievable with just navigation from this site.",https://restaurantguru.com,webbench_food_and_dining,food_services,commerce_platform,['create_review']
1443,"Write a detailed review for ""Mountain Cafe"" that describes its cozy ambiance and friendly service, then assign it a 3-star rating.
Only use http://restaurantguru.com to achieve the task. Don't go to any other site. The task is achievable with just navigation from this site.",https://restaurantguru.com,webbench_food_and_dining,food_services,commerce_platform,['create_review']
1444,"Submit a new review for ""Sunset Grill"" mentioning that recent menu updates improved the dining experience, and rate it 5 stars.
Only use http://restaurantguru.com to achieve the task. Don't go to any other site. The task is achievable with just navigation from this site.",https://restaurantguru.com,webbench_food_and_dining,food_services,commerce_platform,['create_review']
1445,"Log in to RestaurantGuru and write a user review for ""4 Charles Prime Rib,"" detailing its healthy menu options and rating it 4 stars.
Only use http://restaurantguru.com to achieve the task. Don't go to any other site. The task is achievable with just navigation from this site.",https://restaurantguru.com,webbench_food_and_dining,food_services,commerce_platform,['create_review']
1446,"Log in to RestaurantGuru, submit a review for ""Downtown Diner,"" and then delete that review—confirm that it no longer appears in your review history.
Only use http://restaurantguru.com to achieve the task. Don't go to any other site. The task is achievable with just navigation from this site.",https://restaurantguru.com,webbench_food_and_dining,food_services,commerce_platform,"['create_review', 'delete_review']"
2489,"Log in and Write and submit a detailed review for a local café near zip code 10013, including a star rating and specific comments on food quality and delivery experience.
Only use https://www.doordash.com/ to achieve the task. Don't go to any other site. The task is achievable with just navigation from this site.",https://www.doordash.com,webbench_food_and_dining,food_services,commerce_platform,['create_review']
2490,"Create a new favorites list by saving stores with the heart button in your DoorDash account and add three frequently ordered restaurants to that list.
Only use https://www.doordash.com/ to achieve the task. Don't go to any other site. The task is achievable with just navigation from this site.",https://www.doordash.com,webbench_food_and_dining,food_services,commerce_platform,"['add_to_list', 'create_list']"
2491,"Log in to your DoorDash account, add a new saved address 1 Broadway Street, NY, NY. Then navigate to your saved addresses, and remove the address from your profile.
Only use https://www.doordash.com/ to achieve the task. Don't go to any other site. The task is achievable with just navigation from this site.",https://www.doordash.com,webbench_food_and_dining,food_services,commerce_platform,['update_contact_information']
2496,"Change your default delivery address in your DoorDash profile from your ""1234 Smith Ln, New York, NY 10013"" to ""65 Doe Lane, New York, NY, 10001""
Only use https://www.doordash.com/ to achieve the task. Don't go to any other site. The task is achievable with just navigation from this site.",https://www.doordash.com,webbench_food_and_dining,food_services,commerce_platform,['update_contact_information']
2497,"Update your account's notification preferences to receive SMS alerts for order status updates instead of email notifications.
Only use https://www.doordash.com/ to achieve the task. Don't go to any other site. The task is achievable with just navigation from this site.",https://www.doordash.com,webbench_food_and_dining,food_services,commerce_platform,['update_notification_settings']
36,"Search for 'Bluetooth speakers', filter to only show items shipped from USA, and then find my one with 4.0+ review score and bluetooth 5.0. Add it to my cart.
Only use http://aliexpress.com to achieve the task. Don't go to any other site. The task is achievable with just navigation from this site.",https://www.aliexpress.us/?gatewayAdapt=glo2usa&_randl_shipto=US,webbench_shopping,transactional_commerce,commerce_platform,['add_to_cart']
37,"Go to Coupon Center and collect 1 coupon for my account, then confirm its been added to the profile.
Only use http://aliexpress.com to achieve the task. Don't go to any other site. The task is achievable with just navigation from this site.",https://www.aliexpress.us/?gatewayAdapt=glo2usa&_randl_shipto=US,webbench_shopping,transactional_commerce,commerce_platform,['apply_coupon']
38,"Redeem a coupon code that gives discounts for orders over a certain amount. Then add items to the cart until there is enough total cost to redeem the coupon, and apply it to the total cart price. Return the final price of the shopping cart.
Only use http://aliexpress.com to achieve the task. Don't go to any other site. The task is achievable with just navigation from this site.",https://www.aliexpress.us/?gatewayAdapt=glo2usa&_randl_shipto=US,webbench_shopping,transactional_commerce,commerce_platform,"['add_to_cart', 'apply_coupon']"
39,"Change my default shipping address to 92 2nd Ave, New York, New York
Only use http://aliexpress.com to achieve the task. Don't go to any other site. The task is achievable with just navigation from this site.",https://www.aliexpress.us/?gatewayAdapt=glo2usa&_randl_shipto=US,webbench_shopping,transactional_commerce,commerce_platform,['update_contact_information']
40,"Search up a highly ranked woman's wool sweater, and message the seller asking if they do custom sizing for their sweaters.
Only use http://aliexpress.com to achieve the task. Don't go to any other site. The task is achievable with just navigation from this site.",https://www.aliexpress.us/?gatewayAdapt=glo2usa&_randl_shipto=US,webbench_shopping,transactional_commerce,commerce_platform,['send_message']
123,"Create an account and create a new wishlist titled ""Summer Reads 2025"" and add three selected physical books to it.
Only use http://barnesandnoble.com to achieve the task. Don't go to any other site. The task is achievable with just navigation from this site.",http://www.barnesandnoble.com,webbench_shopping,transactional_commerce,commerce_platform,"['add_to_list', 'create_list']"
124,"Write and submit a review for the digital version of ""1984"" by George Orwell, including a star rating and a detailed comment.
Only use http://barnesandnoble.com to achieve the task. Don't go to any other site. The task is achievable with just navigation from this site.",http://www.barnesandnoble.com,webbench_shopping,transactional_commerce,commerce_platform,['create_review']
125,"Log in, add the physical book ""To Kill a Mockingbird"" to your wishlist, then remove it and verify its deletion.
Only use http://barnesandnoble.com to achieve the task. Don't go to any other site. The task is achievable with just navigation from this site.",http://www.barnesandnoble.com,webbench_shopping,transactional_commerce,commerce_platform,"['add_to_list', 'remove_from_list']"
126,"Add Pride and Prejudice to the wishlist, then remove it from the existing wishlist and confirm its removal.
Only use http://barnesandnoble.com to achieve the task. Don't go to any other site. The task is achievable with just navigation from this site.",http://www.barnesandnoble.com,webbench_shopping,transactional_commerce,commerce_platform,"['add_to_list', 'remove_from_list']"
133,"Log in to your account and update your shipping address to ""123 New Street, Springfield, IL"", then save the changes.
Only use http://barnesandnoble.com to achieve the task. Don't go to any other site. The task is achievable with just navigation from this site.",http://www.barnesandnoble.com,webbench_shopping,transactional_commerce,commerce_platform,['update_contact_information']
134,"Login and create a wishlist titled ""Holiday Gifts"" then update an existing wishlist titled ""Holiday Gifts"" by adding the book ""Educated"" by Tara Westover.
Only use http://barnesandnoble.com to achieve the task. Don't go to any other site. The task is achievable with just navigation from this site.",http://www.barnesandnoble.com,webbench_shopping,transactional_commerce,commerce_platform,"['add_to_list', 'create_list']"
149,"Log into your Best Buy account and create a new wishlist titled ""Holiday Shopping,"" then add the ""Sony 65-inch 4K Ultra HD TV"" to that wishlist.
Only use http://bestbuy.com/ to achieve the task. Don't go to any other site. The task is achievable with just navigation from this site.",https://www.bestbuy.com,webbench_shopping,transactional_commerce,commerce_platform,"['add_to_list', 'create_list']"
150,"Write and submit a detailed product review for the ""PS5"" including a star rating and comments on your experience.
Only use http://bestbuy.com/ to achieve the task. Don't go to any other site. The task is achievable with just navigation from this site.",https://www.bestbuy.com,webbench_shopping,transactional_commerce,commerce_platform,['create_review']
151,"On the ""Sony 75-inch 4K TV"" product page, post a new question in the Q&A section asking, ""Does this TV support VESA wall mounting?""
Only use http://bestbuy.com/ to achieve the task. Don't go to any other site. The task is achievable with just navigation from this site.",https://www.bestbuy.com,webbench_shopping,transactional_commerce,commerce_platform,['post_question']
152,"Log into your Best Buy account, add the ""Google Nest Hub"" to your wishlist, then remove it and verify that it no longer appears in your saved items.
Only use http://bestbuy.com/ to achieve the task. Don't go to any other site. The task is achievable with just navigation from this site.",https://www.bestbuy.com,webbench_shopping,transactional_commerce,commerce_platform,"['add_to_list', 'remove_from_list']"
153,"Login, post a review for the ""Sony WH-1000XM4,"" and then remove your review for the ""Sony WH-1000XM4"" headphones from the product page, ensuring that the review is no longer visible.
Only use http://bestbuy.com/ to achieve the task. Don't go to any other site. The task is achievable with just navigation from this site.",https://www.bestbuy.com,webbench_shopping,transactional_commerce,commerce_platform,"['create_review', 'delete_review']"
154,"Add a promotional code to your shopping cart for a discount, then remove the code and verify that the cart total reverts to its original amount.
Only use http://bestbuy.com/ to achieve the task. Don't go to any other site. The task is achievable with just navigation from this site.",https://www.bestbuy.com,webbench_shopping,transactional_commerce,commerce_platform,"['apply_coupon', 'remove_coupon']"
160,"Log into your Best Buy account, add a ""Dell XPS 14"" laptop to your shopping cart, update the quantity to 2, and verify that the total price reflects the change.
Only use http://bestbuy.com/ to achieve the task. Don't go to any other site. The task is achievable with just navigation from this site.",https://www.bestbuy.com,webbench_shopping,transactional_commerce,commerce_platform,"['add_to_cart', 'update_cart']"
161,"Update your shipping settings in Best Buy by changing your primary shipping address to New York City, NY 10003. 
Only use http://bestbuy.com/ to achieve the task. Don't go to any other site. The task is achievable with just navigation from this site.",https://www.bestbuy.com,webbench_shopping,transactional_commerce,commerce_platform,['update_contact_information']
162,"Log into your account, add an item to your cart, then switch the delivery option from standard shipping to in-store pickup and confirm that the order details update accordingly.
Only use http://bestbuy.com/ to achieve the task. Don't go to any other site. The task is achievable with just navigation from this site.",https://www.bestbuy.com,webbench_shopping,transactional_commerce,commerce_platform,['update_cart']
279,"Log in, create a new ""housing offered"" listing in the San Francisco region for a one-bedroom apartment for rent at $2200/month, specifying location, move-in date, and lease terms.
Only use http://craigslist.org to achieve the task. Don't go to any other site. The task is achievable with just navigation from this site.",https://newyork.craigslist.org,webbench_shopping,directory_marketplaces,commerce_platform,['create_content']
281,"Log in to Craigslist and create a ""community"" listing in Los Angeles for a found item, including the details of the item and the pick-up location.
Only use http://craigslist.org to achieve the task. Don't go to any other site. The task is achievable with just navigation from this site.",https://newyork.craigslist.org,webbench_shopping,directory_marketplaces,commerce_platform,['create_content']
287,"Log in to Craigslist and create a ""service offered"" post in Dallas advertising professional home cleaning services with clearly listed pricing packages and contact details.
Only use http://craigslist.org to achieve the task. Don't go to any other site. The task is achievable with just navigation from this site.",https://newyork.craigslist.org,webbench_shopping,directory_marketplaces,commerce_platform,['create_content']
288,"Log in and create a ""for sale by owner"" listing in Miami for a used cell phone along with its accessories, detailing the condition, price, and availability.
Only use http://craigslist.org to achieve the task. Don't go to any other site. The task is achievable with just navigation from this site.",https://newyork.craigslist.org,webbench_shopping,directory_marketplaces,commerce_platform,['create_content']
290,"Log in to Craigslist and submit an ""event"" post advertising an upcoming local farmers market event in San Diego, adding the vendor information and an event schedule.
Only use http://craigslist.org to achieve the task. Don't go to any other site. The task is achievable with just navigation from this site.",https://newyork.craigslist.org,webbench_shopping,directory_marketplaces,commerce_platform,['create_content']
291,"Advertise your upcoming book event in Atlanta by logging in to Craigslist and creating an event post; specify your event details, location, and suggested genres.
Only use http://craigslist.org to achieve the task. Don't go to any other site. The task is achievable with just navigation from this site.",https://newyork.craigslist.org,webbench_shopping,directory_marketplaces,commerce_platform,['create_content']
292,"Log in to Craigslist, search for a baby stroller in your area in the ""for sale"" section, and save it to your favorites.
Only use http://craigslist.org to achieve the task. Don't go to any other site. The task is achievable with just navigation from this site.",https://newyork.craigslist.org,webbench_shopping,directory_marketplaces,commerce_platform,['add_to_favorite']
293,"Log in to Craigslist, go to your profile, and edit your notifications settings by turning off expiring post alerts.
Only use http://craigslist.org to achieve the task. Don't go to any other site. The task is achievable with just navigation from this site.",https://newyork.craigslist.org,webbench_shopping,directory_marketplaces,commerce_platform,['update_notification_settings']
364,"Register a new user account on Dick's Sporting Goods by filling out the required personal information and confirm the registration via the on-screen confirmation message.
Only use http://dickssportinggoods.com to achieve the task. Don't go to any other site. The task is achievable with just navigation from this site.",https://www.dickssportinggoods.com,webbench_shopping,transactional_commerce,commerce_platform,['register_account']
365,"Log in to your new account and write a detailed product review for a pair of Under Armour training shoes, including a star rating and specific comments on performance.
Only use http://dickssportinggoods.com to achieve the task. Don't go to any other site. The task is achievable with just navigation from this site.",https://www.dickssportinggoods.com,webbench_shopping,transactional_commerce,commerce_platform,['create_review']
366,"Log in, create a list titled ""Weekend Adventure"" and add three items to it: a camping tent, a pair of hiking boots, and a portable camping stove.
Only use http://dickssportinggoods.com to achieve the task. Don't go to any other site. The task is achievable with just navigation from this site.",https://www.dickssportinggoods.com,webbench_shopping,transactional_commerce,commerce_platform,"['add_to_list', 'create_list']"
367,"Log in and submit a product review for a Cole Haan running shoe, making sure to include your shoe size, comfort rating, and comments on style.
Only use http://dickssportinggoods.com to achieve the task. Don't go to any other site. The task is achievable with just navigation from this site.",https://www.dickssportinggoods.com,webbench_shopping,transactional_commerce,commerce_platform,['create_review']
368,"Log in, write a detailed product review for a Wilson baseball glove including a star rating, a title, and your experience with the product, then submit the review.
Only use http://dickssportinggoods.com to achieve the task. Don't go to any other site. The task is achievable with just navigation from this site.",https://www.dickssportinggoods.com,webbench_shopping,transactional_commerce,commerce_platform,['create_review']
369,"Log in, add a ""Patagonia Jacket"" to your list, then delete it from the list and confirm that it has been removed.
Only use http://dickssportinggoods.com to achieve the task. Don't go to any other site. The task is achievable with just navigation from this site.",https://www.dickssportinggoods.com,webbench_shopping,transactional_commerce,commerce_platform,"['add_to_list', 'remove_from_list']"
375,"Add a pair of Nike running shoes to your cart, then go to your cart and modify the quantity of the Nike running shoes from 1 to 2.
Only use http://dickssportinggoods.com to achieve the task. Don't go to any other site. The task is achievable with just navigation from this site.",https://www.dickssportinggoods.com,webbench_shopping,transactional_commerce,commerce_platform,"['add_to_cart', 'update_cart']"
376,"Log in to your profile and update your address by adding your new apartment details.
Only use http://dickssportinggoods.com to achieve the task. Don't go to any other site. The task is achievable with just navigation from this site.",https://www.dickssportinggoods.com,webbench_shopping,transactional_commerce,commerce_platform,['update_contact_information']
771,"Log in to your Home Depot account and create a new project list titled “Spring Garden,” then add the product “Husky Outdoor Planter Box” to the list.
Only use http://homedepot.com to achieve the task. Don't go to any other site. The task is achievable with just navigation from this site.",https://www.homedepot.com,webbench_shopping,transactional_commerce,commerce_platform,"['add_to_list', 'create_list']"
772,"Write and submit a product review for the “Milwaukee M18 Fuel Impact Wrench” in your account, including a 5‑star rating and a brief comment on its performance.
Only use http://homedepot.com to achieve the task. Don't go to any other site. The task is achievable with just navigation from this site.",https://www.homedepot.com,webbench_shopping,transactional_commerce,commerce_platform,['create_review']
773,"Log in to your account and create a new shopping list titled “Weekend DIY Repairs,” then add the items “3 packs of 2‑inch drywall screws” and “1 gallon of white paint.”
Only use http://homedepot.com to achieve the task. Don't go to any other site. The task is achievable with just navigation from this site.",https://www.homedepot.com,webbench_shopping,transactional_commerce,commerce_platform,"['add_to_list', 'create_list']"
774,"Log in to your Home Depot account and schedule an installation appointment for a “Range Hood” by selecting an available date and service option.
Only use http://homedepot.com to achieve the task. Don't go to any other site. The task is achievable with just navigation from this site.",https://www.homedepot.com,webbench_shopping,transactional_commerce,commerce_platform,['schedule_appointment']
775,"Submit a “Contact Us” inquiry regarding delivery options for a “Samsung Family Hub Refrigerator,” including your contact details and a brief question.
Only use http://homedepot.com to achieve the task. Don't go to any other site. The task is achievable with just navigation from this site.",https://www.homedepot.com,webbench_shopping,transactional_commerce,commerce_platform,['send_message']
776,"Log in to your Home Depot account, add the “Husky 5‑piece Tool Set” to your saved projects list, then remove it and confirm that it no longer appears in the list.
Only use http://homedepot.com to achieve the task. Don't go to any other site. The task is achievable with just navigation from this site.",https://www.homedepot.com,webbench_shopping,transactional_commerce,commerce_platform,"['add_to_list', 'remove_from_list']"
784,"Log in to your Home Depot account and update your shipping address by changing the street to “1234 Elm Street,” the city to “Atlanta,” state to “GA,” and zip code to “30303.”
Only use http://homedepot.com to achieve the task. Don't go to any other site. The task is achievable with just navigation from this site.",https://www.homedepot.com,webbench_shopping,transactional_commerce,commerce_platform,['update_contact_information']
785,"Log in to Home Depot, add a “DEWALT 20V Max Lithium‑Ion Drill” to your cart, then update the order quantity to 3 units and verify the updated total price.
Only use http://homedepot.com to achieve the task. Don't go to any other site. The task is achievable with just navigation from this site.",https://www.homedepot.com,webbench_shopping,transactional_commerce,commerce_platform,"['add_to_cart', 'update_cart']"
786,"Log in to your Home Depot Pro account and update your business contact number to “555‑678‑9012” in the account settings.
Only use http://homedepot.com to achieve the task. Don't go to any other site. The task is achievable with just navigation from this site.",https://www.homedepot.com,webbench_shopping,transactional_commerce,commerce_platform,['update_contact_information']
824,"Log in to your IKEA account and create a new wishlist named ""New Bedroom""; then add both the ""MALM bed frame"" and the ""HEMNES dresser"" to it.
Only use http://ikea.com to achieve the task. Don't go to any other site. The task is achievable with just navigation from this site.",https://www.ikea.com,webbench_shopping,transactional_commerce,commerce_platform,"['add_to_list', 'create_list']"
825,"Use the IKEA Kreativ AI design tool to create a custom living room layout featuring a ""POÄNG armchair"" and a ""LACK coffee table""; save the design with the title ""Cozy Living.""
Only use http://ikea.com to achieve the task. Don't go to any other site. The task is achievable with just navigation from this site.",https://www.ikea.com,webbench_shopping,transactional_commerce,commerce_platform,"['add_to_list', 'create_list']"
826,"Write and submit a product review for the ""EKTORP sofa"" that includes a star rating and a comment highlighting its comfort and durability.
Only use http://ikea.com to achieve the task. Don't go to any other site. The task is achievable with just navigation from this site.",https://www.ikea.com,webbench_shopping,transactional_commerce,commerce_platform,['create_review']
827,"Log in and post a review for the ""BILLY bookcase"" emphasizing its ease of assembly, then share your review on the product page.
Only use http://ikea.com to achieve the task. Don't go to any other site. The task is achievable with just navigation from this site.",https://www.ikea.com,webbench_shopping,transactional_commerce,commerce_platform,['create_review']
828,"Log in, create a temporary wishlist containing the ""LIDHULT chair"" and the ""EKEDALEN table,"" then delete the entire wishlist to confirm its removal.
Only use http://ikea.com to achieve the task. Don't go to any other site. The task is achievable with just navigation from this site.",https://www.ikea.com,webbench_shopping,transactional_commerce,commerce_platform,"['remove_from_list', 'create_list']"
829,"Add the ""FLÄRDFULL rug"" to your favorites, subsequently remove it, and verify that it no longer appears in your favorites list.
Only use http://ikea.com to achieve the task. Don't go to any other site. The task is achievable with just navigation from this site.",https://www.ikea.com,webbench_shopping,transactional_commerce,commerce_platform,"['add_to_favorite', 'remove_from_favorite']"
836,"Log in to your IKEA account and create a saved design project ""Office Layout"" and add in a top selling desk, then update your saved design project ""Office Layout"" by replacing the current desk with the ""BEKANT workstation.""
Only use http://ikea.com to achieve the task. Don't go to any other site. The task is achievable with just navigation from this site.",https://www.ikea.com,webbench_shopping,transactional_commerce,commerce_platform,"['add_to_list', 'remove_from_list', 'create_list']"
837,"Sign in, add the ""FJÄLLBO TV unit"" to your shopping cart, and then update its quantity to 2.
Only use http://ikea.com to achieve the task. Don't go to any other site. The task is achievable with just navigation from this site.",https://www.ikea.com,webbench_shopping,transactional_commerce,commerce_platform,"['add_to_cart', 'update_cart']"
838,"Log in, create a wishlist titled ""Summer Outdoor"" with 3 items for an outdoor deck. Then modify your wishlist titled ""Summer Outdoor"" by removing one item and adding the ""ÄPPLARÖ outdoor table"" in its place.
Only use http://ikea.com to achieve the task. Don't go to any other site. The task is achievable with just navigation from this site.",https://www.ikea.com,webbench_shopping,transactional_commerce,commerce_platform,"['add_to_list', 'remove_from_list', 'create_list']"
839,"Access your profile, navigate to your saved addresses, and update your default delivery address to include specific instructions for building access.
Only use http://ikea.com to achieve the task. Don't go to any other site. The task is achievable with just navigation from this site.",https://www.ikea.com,webbench_shopping,transactional_commerce,commerce_platform,['update_contact_information']
869,"Log in to your Instacart account and start a shopping cart containing “2 lbs of organic strawberries,” “1 gallon of whole milk,” and “1 loaf of sourdough bread.”
Only use http://instacart.com to achieve the task. Don't go to any other site. The task is achievable with just navigation from this site.",https://www.instacart.com,webbench_shopping,transactional_commerce,commerce_platform,['add_to_cart']
870,"Log in, create a new shopping list titled “Weekend BBQ” and add “Hot dogs,” “Buns,” and “Coleslaw mix” to it.
Only use http://instacart.com to achieve the task. Don't go to any other site. The task is achievable with just navigation from this site.",https://www.instacart.com,webbench_shopping,transactional_commerce,commerce_platform,"['add_to_list', 'create_list']"
871,"Log in to Instacart and add “Avocados” to your cart for a same-day delivery order.
Only use http://instacart.com to achieve the task. Don't go to any other site. The task is achievable with just navigation from this site.",https://www.instacart.com,webbench_shopping,transactional_commerce,commerce_platform,['add_to_cart']
872,"Log in, create a new list titled “Healthy Snacks” and add “Almonds” and “Greek Yogurt” to it.
Only use http://instacart.com to achieve the task. Don't go to any other site. The task is achievable with just navigation from this site.",https://www.instacart.com,webbench_shopping,transactional_commerce,commerce_platform,"['add_to_list', 'create_list']"
873,"Search for ""Peanut Butter and Jelly"", add it to your cart, and then go to your cart to check the estimated delivery time for the order.
Only use http://instacart.com to achieve the task. Don't go to any other site. The task is achievable with just navigation from this site.",https://www.instacart.com,webbench_shopping,transactional_commerce,commerce_platform,"['add_to_cart', 'view_cart']"
874,"Log in and add a coupon code found on the Instacart promotions page to your account for an upcoming grocery order.
Only use http://instacart.com to achieve the task. Don't go to any other site. The task is achievable with just navigation from this site.",https://www.instacart.com,webbench_shopping,transactional_commerce,commerce_platform,['apply_coupon']
875,"Log in to Instacart and add “Organic Carrots” to your shopping cart for immediate checkout.
Only use http://instacart.com to achieve the task. Don't go to any other site. The task is achievable with just navigation from this site.",https://www.instacart.com,webbench_shopping,transactional_commerce,commerce_platform,['add_to_cart']
876,"Log in to your Instacart account, search “Canned Soup” and add a soup product to your shopping cart, then remove it to update the cart.
Only use http://instacart.com to achieve the task. Don't go to any other site. The task is achievable with just navigation from this site.",https://www.instacart.com,webbench_shopping,transactional_commerce,commerce_platform,"['add_to_cart', 'remove_from_cart']"
877,"Log in to Instacart, add an “Energy Drink” to your cart, then delete the order before checkout.
Only use http://instacart.com to achieve the task. Don't go to any other site. The task is achievable with just navigation from this site.",https://www.instacart.com,webbench_shopping,transactional_commerce,commerce_platform,"['add_to_cart', 'remove_from_cart']"
878,"Log in, add a ""Deli Sandwich"" to your cart, and then delete the “Deli Sandwich” you previously added from your cart.
Only use http://instacart.com to achieve the task. Don't go to any other site. The task is achievable with just navigation from this site.",https://www.instacart.com,webbench_shopping,transactional_commerce,commerce_platform,"['add_to_cart', 'remove_from_cart']"
879,"Log in to Instacart, add a new address with a New York, NY location, and then remove it from your account to ensure it is fully deleted.
Only use http://instacart.com to achieve the task. Don't go to any other site. The task is achievable with just navigation from this site.",https://www.instacart.com,webbench_shopping,transactional_commerce,commerce_platform,['update_contact_information']
885,"Log in to your Instacart account, add 6 bunches of organic bananas to your cart, and then access your cart and update the quantity of your organic bananas from 6 to 10 bunches.
Only use http://instacart.com to achieve the task. Don't go to any other site. The task is achievable with just navigation from this site.",https://www.instacart.com,webbench_shopping,transactional_commerce,commerce_platform,"['add_to_cart', 'update_cart']"
886,"Log in to your Instacart profile and update your delivery address by adding a location in Brooklyn, NY.
Only use http://instacart.com to achieve the task. Don't go to any other site. The task is achievable with just navigation from this site.",https://www.instacart.com,webbench_shopping,transactional_commerce,commerce_platform,['update_fulfillment_method']
887,"Log in to Instacart and update your default delivery instructions to “Leave at the front door.”
Only use http://instacart.com to achieve the task. Don't go to any other site. The task is achievable with just navigation from this site.",https://www.instacart.com,webbench_shopping,transactional_commerce,commerce_platform,['update_fulfillment_method']
888,"Log in and change the default pickup location to your preferred Instacart retailer store in Los Angeles.
Only use http://instacart.com to achieve the task. Don't go to any other site. The task is achievable with just navigation from this site.",https://www.instacart.com,webbench_shopping,transactional_commerce,commerce_platform,['update_fulfillment_method']
889,"Log in to Instacart, navigate to your profile settings, and update your notification preferences to receive SMS alerts for order updates.
Only use http://instacart.com to achieve the task. Don't go to any other site. The task is achievable with just navigation from this site.",https://www.instacart.com,webbench_shopping,transactional_commerce,commerce_platform,['update_notification_settings']
921,"Log in to your consumer Justdial account and submit a detailed review for “Sunshine Dental Clinic” in Delhi, including both a star rating and commentary on the service quality.
Only use http://justdial.com to achieve the task. Don't go to any other site. The task is achievable with just navigation from this site.",https://www.justdial.com,webbench_shopping,directory_marketplaces,commerce_platform,['create_review']
922,"Create a new business listing for a “Gourmet Cafe” located in Mumbai by providing the address, phone number, operating hours, and a brief service description.
Only use http://justdial.com to achieve the task. Don't go to any other site. The task is achievable with just navigation from this site.",https://www.justdial.com,webbench_shopping,directory_marketplaces,commerce_platform,['create_content']
923,"Sign up as a business owner on Justdial and create a profile for your “AC Repair Service” in Chennai, ensuring you include your service description, contact details, and business hours.
Only use http://justdial.com to achieve the task. Don't go to any other site. The task is achievable with just navigation from this site.",https://www.justdial.com,webbench_shopping,directory_marketplaces,commerce_platform,['create_content']
924,"Write an informative review for “Green Valley School” in Pune, rating its educational services and providing a summary of your experience.
Only use http://justdial.com to achieve the task. Don't go to any other site. The task is achievable with just navigation from this site.",https://www.justdial.com,webbench_shopping,directory_marketplaces,commerce_platform,['create_review']
925,"Log in to your consumer account on Justdial, add a plumbing service to your favorites, then remove it and confirm its deletion from your list.
Only use http://justdial.com to achieve the task. Don't go to any other site. The task is achievable with just navigation from this site.",https://www.justdial.com,webbench_shopping,directory_marketplaces,commerce_platform,"['add_to_favorite', 'remove_from_favorite']"
1203,"Log in to your Newegg account and create a new wishlist titled ""Gaming Setup,"" then add the product ""Logitech G502 HERO Gaming Mouse"" to it.
Only use http://newegg.com to achieve the task. Don't go to any other site. The task is achievable with just navigation from this site.",https://www.newegg.com,webbench_shopping,transactional_commerce,commerce_platform,"['add_to_list', 'create_list']"
1204,"Log in to your Newegg account and submit a new product review for the ""AMD Ryzen 9 5900X Processor,"" including a star rating and a detailed comment on its gaming performance.
Only use http://newegg.com to achieve the task. Don't go to any other site. The task is achievable with just navigation from this site.",https://www.newegg.com,webbench_shopping,transactional_commerce,commerce_platform,['create_review']
1205,"Post a new question in the Q&A section of the ""Samsung 27-inch Curved Monitor"" product page asking, ""Does this monitor support a 144Hz refresh rate?""
Only use http://newegg.com to achieve the task. Don't go to any other site. The task is achievable with just navigation from this site.",https://www.newegg.com,webbench_shopping,transactional_commerce,commerce_platform,['post_question']
1206,"Log in to your account and post a detailed question in the Q&A section on the ""Dell G15 Gaming Laptop"" product page asking, ""How does the thermal performance compare under heavy load?""
Only use http://newegg.com to achieve the task. Don't go to any other site. The task is achievable with just navigation from this site.",https://www.newegg.com,webbench_shopping,transactional_commerce,commerce_platform,['post_question']
1207,"Log in to your Newegg seller account (or convert your account to a seller if eligible) and create a new product listing for a refurbished ""HP EliteDesk 800 G5 Desktop,"" including specifications, condition, pricing, and warranty details.
Only use http://newegg.com to achieve the task. Don't go to any other site. The task is achievable with just navigation from this site.",https://www.newegg.com,webbench_shopping,transactional_commerce,commerce_platform,['create_content']
1208,"Log in to your Newegg account, create a new wishlist titled ""Temp Wishlist,"" add the ""Seagate Barracuda 2TB HDD"" to it, then delete the item from the wishlist and confirm its removal.
Only use http://newegg.com to achieve the task. Don't go to any other site. The task is achievable with just navigation from this site.",https://www.newegg.com,webbench_shopping,transactional_commerce,commerce_platform,"['add_to_list', 'remove_from_list', 'create_list']"
1214,"Log in to your Newegg account, navigate to your account settings, and update your primary shipping address to 92 2nd Ave, New York, NY, 1003. Apartment 11. 
Only use http://newegg.com to achieve the task. Don't go to any other site. The task is achievable with just navigation from this site.",https://www.newegg.com,webbench_shopping,transactional_commerce,commerce_platform,['update_fulfillment_method']
1215,"Log in to your Newegg account and modify your email notification preferences to receive promotional emails on a weekly basis instead of daily.
Only use http://newegg.com to achieve the task. Don't go to any other site. The task is achievable with just navigation from this site.",https://www.newegg.com,webbench_shopping,transactional_commerce,commerce_platform,['update_notification_settings']
1227,"Log in to your account, create a new Wish List titled ""Weekend Looks"", and add a pair of lace up leather boots to your Weekend Looks wishlist.
Only use http://nordstrom.com to achieve the task. Don't go to any other site. The task is achievable with just navigation from this site.",https://www.nordstrom.com,webbench_shopping,transactional_commerce,commerce_platform,"['add_to_list', 'create_list']"
1228,"Log in to your account, create a saved wish list called ""Vacation Wardrobe"", and add one item each from Women's sweaters, accessories, and skirts categories.
Only use http://nordstrom.com to achieve the task. Don't go to any other site. The task is achievable with just navigation from this site.",https://www.nordstrom.com,webbench_shopping,transactional_commerce,commerce_platform,"['add_to_list', 'create_list']"
1229,"Log in to your account, create a wish list titled ""Business Essentials"", and add one Men's suit, one pair of formal shoes, and a selected hat.
Only use http://nordstrom.com to achieve the task. Don't go to any other site. The task is achievable with just navigation from this site.",https://www.nordstrom.com,webbench_shopping,transactional_commerce,commerce_platform,"['add_to_list', 'create_list']"
1230,"Log in, add the ""Ray-Ban Aviator Sunglasses"" to your wish list, then remove that item and confirm its deletion from your account.
Only use http://nordstrom.com to achieve the task. Don't go to any other site. The task is achievable with just navigation from this site.",https://www.nordstrom.com,webbench_shopping,transactional_commerce,commerce_platform,"['add_to_list', 'remove_from_list']"
1231,"Log in, create a wish list titled ""Past Purchases"", and then permanently delete that wish list.
Only use http://nordstrom.com to achieve the task. Don't go to any other site. The task is achievable with just navigation from this site.",https://www.nordstrom.com,webbench_shopping,transactional_commerce,commerce_platform,"['create_list', 'delete_list']"
1237,"Log in, create a wish list named ""Weekday Looks"", add a Burberry Scarf to the list
Only use http://nordstrom.com to achieve the task. Don't go to any other site. The task is achievable with just navigation from this site.",https://www.nordstrom.com,webbench_shopping,transactional_commerce,commerce_platform,"['add_to_list', 'create_list']"
1363,"Log in to your PlayStation account, create a new wishlist called ""RPG Favorites,"" and add the game ""Final Fantasy VII Remake"" to it.
Only use http://playstation.com to achieve the task. Don't go to any other site. The task is achievable with just navigation from this site.",https://www.playstation.com/en-us,webbench_shopping,transactional_commerce,commerce_platform,"['add_to_list', 'create_list']"
1364,"Subscribe to the newsletters by entering your email to receive monthly updates on PlayStation news, deals, and events.
Only use http://playstation.com to achieve the task. Don't go to any other site. The task is achievable with just navigation from this site.",https://www.playstation.com/en-us,webbench_shopping,transactional_commerce,commerce_platform,['subscribe']
1365,"In the support section, submit a formal inquiry about issues with remote downloads, specifying your console model and error details.
Only use http://playstation.com to achieve the task. Don't go to any other site. The task is achievable with just navigation from this site.",https://www.playstation.com/en-us,webbench_shopping,transactional_commerce,commerce_platform,['send_message']
1366,"Log in to your account, add a new shipping address for testing purposes, then delete that address and confirm the deletion from your profile.
Only use http://playstation.com to achieve the task. Don't go to any other site. The task is achievable with just navigation from this site.",https://www.playstation.com/en-us,webbench_shopping,transactional_commerce,commerce_platform,['update_fulfillment_method']
1372,"Add ""Uncharted: Legacy"" to your wishlist. Then add ""Gran Turismo 7"" and remove an outdated entry labeled ""Uncharted: Legacy."" from wishlist
Only use http://playstation.com to achieve the task. Don't go to any other site. The task is achievable with just navigation from this site.",https://www.playstation.com/en-us,webbench_shopping,transactional_commerce,commerce_platform,"['add_to_list', 'remove_from_list']"
1373,"Add a PlayStation Plus subscription for 1 months and then switch your renewal option from automatic to manual for the next billing cycle.
Only use http://playstation.com to achieve the task. Don't go to any other site. The task is achievable with just navigation from this site.",https://www.playstation.com/en-us,webbench_shopping,transactional_commerce,commerce_platform,"['subscribe_item', 'update_subscription']"
1418,"Log in to your Redbubble account, search for the design “Sunset Harmony,” and add a product to a new wishlist titled “Inspiration Picks.”
Only use http://redbubble.com to achieve the task. Don't go to any other site. The task is achievable with just navigation from this site.",https://www.redbubble.com,webbench_shopping,transactional_commerce,commerce_platform,['add_to_list']
1419,"Write and submit a product review for the “Galactic Nebula Hoodie,” including a star rating of 4 out of 5 and a brief comment about its quality.
Only use http://redbubble.com to achieve the task. Don't go to any other site. The task is achievable with just navigation from this site.",https://www.redbubble.com,webbench_shopping,transactional_commerce,commerce_platform,['create_review']
1420,"Write an artist statement on your public profile that explains the fictional inspiration behind your latest design titled “Dreamscape Aurora.”
Only use http://redbubble.com to achieve the task. Don't go to any other site. The task is achievable with just navigation from this site.",https://www.redbubble.com,webbench_shopping,transactional_commerce,commerce_platform,['create_content']
1421,"Add the design “Rustic Charm” to your collection of favorites and use the website's sharing feature to generate a shareable link.
Only use http://redbubble.com to achieve the task. Don't go to any other site. The task is achievable with just navigation from this site.",https://www.redbubble.com,webbench_shopping,transactional_commerce,commerce_platform,['add_to_favorite']
1422,"Create a public list on your profile showcasing your top 5 favorite Redbubble products and include brief descriptions for each item.
Only use http://redbubble.com to achieve the task. Don't go to any other site. The task is achievable with just navigation from this site.",https://www.redbubble.com,webbench_shopping,transactional_commerce,commerce_platform,['create_list']
1423,"Log in to your account, add the design “Retro Sunset” to your favorites, then remove it and verify that it has been successfully deleted from your favorites list.
Only use http://redbubble.com to achieve the task. Don't go to any other site. The task is achievable with just navigation from this site.",https://www.redbubble.com,webbench_shopping,transactional_commerce,commerce_platform,"['add_to_favorite', 'remove_from_favorite']"
1429,"Log in to your account, navigate to your default shipping address settings, and update it to “123 Creative Lane, Art City, NY 11223.”
Only use http://redbubble.com to achieve the task. Don't go to any other site. The task is achievable with just navigation from this site.",https://www.redbubble.com,webbench_shopping,transactional_commerce,commerce_platform,['update_fulfillment_method']
1512,"Log in to your account and create a new board titled ""Summer 2024"" in the ""Wish List"" section, then add a ""sleeveless midi dress"" from the Women's category to it.
Only use http://shein.com to achieve the task. Don't go to any other site. The task is achievable with just navigation from this site.",https://us.shein.com/?ref=www&rep=dir&ret=us,webbench_shopping,transactional_commerce,commerce_platform,"['add_to_list', 'create_list']"
1513,"From the homepage's ""Top Trends"" section, select an accessory (for example, a statement necklace) and check if social media sharing feature is available.
Only use http://shein.com to achieve the task. Don't go to any other site. The task is achievable with just navigation from this site.",https://us.shein.com/?ref=www&rep=dir&ret=us,webbench_shopping,transactional_commerce,commerce_platform,[]
1514,"Explore the ""New In"" section, add a ""striped off-shoulder top"" to your shopping cart, and note the final price as displayed during checkout.
Only use http://shein.com to achieve the task. Don't go to any other site. The task is achievable with just navigation from this site.",https://us.shein.com/?ref=www&rep=dir&ret=us,webbench_shopping,transactional_commerce,commerce_platform,"['add_to_cart', 'view_cart']"
1515,"Start a new shopping cart session by adding multiple items (e.g., ""casual sneakers,"" ""high-waist jeans,"" and a ""leather bag"") and record the cart summary details.
Only use http://shein.com to achieve the task. Don't go to any other site. The task is achievable with just navigation from this site.",https://us.shein.com/?ref=www&rep=dir&ret=us,webbench_shopping,transactional_commerce,commerce_platform,['add_to_cart']
1516,"Log in, add a ""casual t-shirt"" to your wishlist, then remove it and verify that it no longer appears in your wishlist.
Only use http://shein.com to achieve the task. Don't go to any other site. The task is achievable with just navigation from this site.",https://us.shein.com/?ref=www&rep=dir&ret=us,webbench_shopping,transactional_commerce,commerce_platform,"['add_to_list', 'remove_from_list']"
1522,"While logged in, add a ""gold hoop earrings"" product to your cart, update its quantity to 2 units, and verify that the total price is adjusted accordingly.
Only use http://shein.com to achieve the task. Don't go to any other site. The task is achievable with just navigation from this site.",https://us.shein.com/?ref=www&rep=dir&ret=us,webbench_shopping,transactional_commerce,commerce_platform,"['add_to_cart', 'update_cart']"
1523,"Log in to your account, create a board titled ""Summer Styles"" and rename it to ""Resort Collection,"" then confirm that the new name appears.
Only use http://shein.com to achieve the task. Don't go to any other site. The task is achievable with just navigation from this site.",https://us.shein.com/?ref=www&rep=dir&ret=us,webbench_shopping,transactional_commerce,commerce_platform,"['create_list', 'update_list_metadata']"
1714,"Create a new wishlist titled ""Upcoming Indie Titles"" and add three recently released indie games to it.
Only use http://steampowered.com to achieve the task. Don't go to any other site. The task is achievable with just navigation from this site.",https://store.steampowered.com,webbench_shopping,transactional_commerce,commerce_platform,"['add_to_list', 'create_list']"
1715,"Write and submit a game review for ""Red Dead Redemption 2,"" including a 4-star rating and a brief comment on its storyline.
Only use http://steampowered.com to achieve the task. Don't go to any other site. The task is achievable with just navigation from this site.",https://store.steampowered.com,webbench_shopping,transactional_commerce,commerce_platform,['create_review']
1716,"Build a custom game collection named ""My RPG Favorites"" by grouping together 5 role-playing games. 
Only use http://steampowered.com to achieve the task. Don't go to any other site. The task is achievable with just navigation from this site.",https://store.steampowered.com,webbench_shopping,transactional_commerce,commerce_platform,"['add_to_list', 'create_list']"
1717,"Start a discussion thread in the ""General Gaming"" forum asking for opinions on the latest Valve platform update.
Only use http://steampowered.com to achieve the task. Don't go to any other site. The task is achievable with just navigation from this site.",https://store.steampowered.com,webbench_shopping,transactional_commerce,commerce_platform,['create_content']
1718,"Develop and share a detailed user guide on ""How to Use Steam Remote Play Together"" in the community guides section.
Only use http://steampowered.com to achieve the task. Don't go to any other site. The task is achievable with just navigation from this site.",https://store.steampowered.com,webbench_shopping,transactional_commerce,commerce_platform,['create_content']
1719,"Draft and submit a feedback post on the Steam forums suggesting improvements to the library management interface.
Only use http://steampowered.com to achieve the task. Don't go to any other site. The task is achievable with just navigation from this site.",https://store.steampowered.com,webbench_shopping,transactional_commerce,commerce_platform,['create_content']
1720,"Log in, create a temporary forum post in the ""General Discussion"" section, then delete it and confirm its removal.
Only use http://steampowered.com to achieve the task. Don't go to any other site. The task is achievable with just navigation from this site.",https://store.steampowered.com,webbench_shopping,transactional_commerce,commerce_platform,"['create_content', 'delete_content']
"
1721,"Login, add Team Fortress 2 to your wishlist, then remove""Team Fortress 2"" from your wishlist and verify that it no longer appears in your list.
Only use http://steampowered.com to achieve the task. Don't go to any other site. The task is achievable with just navigation from this site.",https://store.steampowered.com,webbench_shopping,transactional_commerce,commerce_platform,"['add_to_list', 'remove_from_list']"
1727,"Log in to your Steam account and update your profile bio to include your latest gaming achievements.
Only use http://steampowered.com to achieve the task. Don't go to any other site. The task is achievable with just navigation from this site.",https://store.steampowered.com,webbench_shopping,transactional_commerce,commerce_platform,['update_profile']
1728,"Change your account privacy settings so that only friends can view your game library and recent activity.
Only use http://steampowered.com to achieve the task. Don't go to any other site. The task is achievable with just navigation from this site.",https://store.steampowered.com,webbench_shopping,transactional_commerce,commerce_platform,['update_privacy_settings']
1947,"Log in to your account and create a new wishlist titled ""Summer Essentials,"" then add at least 3 trending summer products found on the homepage to the list.
Only use http://uniqlo.com to achieve the task. Don't go to any other site. The task is achievable with just navigation from this site.",https://www.uniqlo.com/us/en,webbench_shopping,transactional_commerce,commerce_platform,"['add_to_list', 'create_list']"
1948,"Log in to your Uniqlo account, locate the GIRLS American Sleeve Ribbed"" collection, and write a detailed product review for one item that includes a star rating and descriptive comment.
Only use http://uniqlo.com to achieve the task. Don't go to any other site. The task is achievable with just navigation from this site.",https://www.uniqlo.com/us/en,webbench_shopping,transactional_commerce,commerce_platform,['create_review']
1949,"Log in to your Uniqlo account, navigate to the product page for the AIRism Short Sleeve, and write a product review including a star rating, a pros and cons list, and a brief comment on its comfort and design.
Only use http://uniqlo.com to achieve the task. Don't go to any other site. The task is achievable with just navigation from this site.",https://www.uniqlo.com/us/en,webbench_shopping,transactional_commerce,commerce_platform,['create_review']
1950,"Log in to your Uniqlo account and update your account settings by adding a new shipping address in the Address Book with complete details (street, city, postal code), then verify that the new address is saved.
Only use http://uniqlo.com to achieve the task. Don't go to any other site. The task is achievable with just navigation from this site.",https://www.uniqlo.com/us/en,webbench_shopping,transactional_commerce,commerce_platform,['update_fulfillment_method']
1951,"Log in to your Uniqlo account, add the BlockTech Shirt to a wishlist, then remove it from the wishlist, confirming that the product no longer appears on the list.
Only use http://uniqlo.com to achieve the task. Don't go to any other site. The task is achievable with just navigation from this site.",https://www.uniqlo.com/us/en,webbench_shopping,transactional_commerce,commerce_platform,"['add_to_list', 'remove_from_list']"
1952,"Log in to your account, navigate to the Address Book, and delete an outdated shipping address, confirming that it is removed from your list.
Only use http://uniqlo.com to achieve the task. Don't go to any other site. The task is achievable with just navigation from this site.",https://www.uniqlo.com/us/en,webbench_shopping,transactional_commerce,commerce_platform,['update_fulfillment_method']
1958,"Log in to your Uniqlo account, go to your shopping cart, add the HEATTECH Thermal Leggings product, and update its quantity from 1 to 2.
Only use http://uniqlo.com to achieve the task. Don't go to any other site. The task is achievable with just navigation from this site.",https://www.uniqlo.com/us/en,webbench_shopping,transactional_commerce,commerce_platform,"['add_to_cart', 'update_cart']"
1959,"Log in to your account, navigate to your profile settings, and update your preferred T-shirt size from ""Medium"" to ""Large.""
Only use http://uniqlo.com to achieve the task. Don't go to any other site. The task is achievable with just navigation from this site.",https://www.uniqlo.com/us/en,webbench_shopping,transactional_commerce,commerce_platform,['update_profile']
2057,"Locate the Walmart Customer Servicing AI Chat and ask it for help on your most recent order
Only use http://walmart.com to achieve the task. Don't go to any other site. The task is achievable with just navigation from this site.",https://www.walmart.com,webbench_shopping,transactional_commerce,commerce_platform,['send_message']
2058,"Locate 3 top-rated vacuum cleaner and determine which one can be delivered the fastest to New York City, and add it to cart. 
Only use http://walmart.com to achieve the task. Don't go to any other site. The task is achievable with just navigation from this site.",https://www.walmart.com,webbench_shopping,transactional_commerce,commerce_platform,['add_to_cart']
2059,"Upvote the top ranked feedback left for the PS5 gaming console
Only use http://walmart.com to achieve the task. Don't go to any other site. The task is achievable with just navigation from this site.",https://www.walmart.com,webbench_shopping,transactional_commerce,commerce_platform,['upvote_comment']
2060,"Create a new Holiday wishlist and add a “Nintendo Switch Console” to it
Only use http://walmart.com to achieve the task. Don't go to any other site. The task is achievable with just navigation from this site.",https://www.walmart.com,webbench_shopping,transactional_commerce,commerce_platform,"['add_to_list', 'create_list']"
2206,"Submit a review for ""Sunshine Salon"" in Orlando, FL with a 5-star rating and a descriptive comment about your experience.
Only use http://yellowpages.com to achieve the task. Don't go to any other site. The task is achievable with just navigation from this site.",https://www.yellowpages.com,webbench_shopping,directory_marketplaces,commerce_platform,['create_review']
2207,"Submit a question on the Homepage's ""Ask a Question"" page about a ""Sunrise Dental Clinic"" listing in Houston, TX to inquire further about their offerings.
Only use http://yellowpages.com to achieve the task. Don't go to any other site. The task is achievable with just navigation from this site.",https://www.yellowpages.com,webbench_shopping,directory_marketplaces,commerce_platform,['post_question']
2208,"Add a detailed review for ""Global Tech Service"" in Atlanta, GA describing your recent experience with their IT services and assign a 4-star rating.
Only use http://yellowpages.com to achieve the task. Don't go to any other site. The task is achievable with just navigation from this site.",https://www.yellowpages.com,webbench_shopping,directory_marketplaces,commerce_platform,['create_review']
2209,"Submit customer feedback for ""First Choice Car Rental"" in Minneapolis, MN that includes your overall experience along with service quality ratings.
Only use http://yellowpages.com to achieve the task. Don't go to any other site. The task is achievable with just navigation from this site.",https://www.yellowpages.com,webbench_shopping,directory_marketplaces,commerce_platform,['create_review']
2210,"Log in to your YellowPages account, create a review for ""Sunshine Salon,"" then delete that review from your profile and confirm its removal.
Only use http://yellowpages.com to achieve the task. Don't go to any other site. The task is achievable with just navigation from this site.",https://www.yellowpages.com,webbench_shopping,directory_marketplaces,commerce_platform,"['create_review', 'delete_review']"
2306,"Log in to your agent account and create a new rental listing for a 1-bedroom apartment in East Village, including full details such as price, amenities, and address.
Only use https://streeteasy.com/ to achieve the task. Don't go to any other site. The task is achievable with just navigation from this site.",https://streeteasy.com,webbench_shopping,directory_marketplaces,commerce_platform,['create_content']
2307,"Log in to your account and create a new favorites list within folders titled ""NYC Dream Rentals,"" adding three distinct Manhattan listings to it.
Only use https://streeteasy.com/ to achieve the task. Don't go to any other site. The task is achievable with just navigation from this site.",https://streeteasy.com,webbench_shopping,directory_marketplaces,commerce_platform,"['add_to_list', 'create_list']"
2308,"Log in as a property owner and submit a new sale listing for your condo in the Upper East Side, ensuring all property details are complete.
Only use https://streeteasy.com/ to achieve the task. Don't go to any other site. The task is achievable with just navigation from this site.",https://streeteasy.com,webbench_shopping,directory_marketplaces,commerce_platform,['create_content']
2309,"As a user, set up a saved search alert for 2-bedroom apartments in Brooklyn under $2,500, naming the alert ""Affordable Brooklyn 2BR.""
Only use https://streeteasy.com/ to achieve the task. Don't go to any other site. The task is achievable with just navigation from this site.",https://streeteasy.com,webbench_shopping,directory_marketplaces,commerce_platform,['create_alert']
2310,"Log in to StreetEasy and update your profile by adding detailed contact information along with your property interests.
Only use https://streeteasy.com/ to achieve the task. Don't go to any other site. The task is achievable with just navigation from this site.",https://streeteasy.com,webbench_shopping,directory_marketplaces,commerce_platform,['update_contact_information']
2311,"As a real estate agent, log in and create a branded profile page for a new luxury apartment listing in Tribeca.
Only use https://streeteasy.com/ to achieve the task. Don't go to any other site. The task is achievable with just navigation from this site.",https://streeteasy.com,webbench_shopping,directory_marketplaces,commerce_platform,['create_content']
2312,"Create a favorites list titled ""High-Rise Loves"" in your account and add at least 5 high-rise apartment listings from Manhattan.
Only use https://streeteasy.com/ to achieve the task. Don't go to any other site. The task is achievable with just navigation from this site.",https://streeteasy.com,webbench_shopping,directory_marketplaces,commerce_platform,"['add_to_list', 'create_list']"
2313,"As a property owner, log in and create a new listing for a 3-bedroom apartment in Harlem, including a comprehensive set of property details.
Only use https://streeteasy.com/ to achieve the task. Don't go to any other site. The task is achievable with just navigation from this site.",https://streeteasy.com,webbench_shopping,directory_marketplaces,commerce_platform,['create_content']
2314,"Log in as a user and compile a new favorites list titled ""Luxury Rentals,"" adding at least 4 listings from Manhattan's high-end market.
Only use https://streeteasy.com/ to achieve the task. Don't go to any other site. The task is achievable with just navigation from this site.",https://streeteasy.com,webbench_shopping,directory_marketplaces,commerce_platform,"['add_to_list', 'create_list']"
2315,"Find the most affordable apartment south of Houston Street.
Only use https://streeteasy.com/ to achieve the task. Don't go to any other site. The task is achievable with just navigation from this site.",https://streeteasy.com,webbench_shopping,directory_marketplaces,commerce_platform,[]
2316,"Log in to your account and set up a new alert for 1-bedroom apartments in NYC under $2,000, naming it ""Budget Apartment Alert.""
Only use https://streeteasy.com/ to achieve the task. Don't go to any other site. The task is achievable with just navigation from this site.",https://streeteasy.com,webbench_shopping,directory_marketplaces,commerce_platform,['create_alert']
2317,"Log in and add a note to your saved search for Brooklyn lofts detailing two features that appeal to you in the listed properties.
Only use https://streeteasy.com/ to achieve the task. Don't go to any other site. The task is achievable with just navigation from this site.",https://streeteasy.com,webbench_shopping,directory_marketplaces,commerce_platform,['update_list_metadata']
2318,"As a prospective renter, log in and create a custom filter for listings that offer short-term leases, then save the filter for future searches.
Only use https://streeteasy.com/ to achieve the task. Don't go to any other site. The task is achievable with just navigation from this site.",https://streeteasy.com,webbench_shopping,directory_marketplaces,commerce_platform,['create_list']
2319,"Log in to your account and bookmark a studio apartment listing in SoHo, adding a note about its proximity to a major subway line.
Only use https://streeteasy.com/ to achieve the task. Don't go to any other site. The task is achievable with just navigation from this site.",https://streeteasy.com,webbench_shopping,directory_marketplaces,commerce_platform,['add_to_favorite']
2320,"Log in to your account and draft a property description for a potential rental option in Midtown, including details on square footage and amenities.
Only use https://streeteasy.com/ to achieve the task. Don't go to any other site. The task is achievable with just navigation from this site.",https://streeteasy.com,webbench_shopping,directory_marketplaces,commerce_platform,['create_content']
2321,"Log in to your account and create a wishlist titled ""Best."" Then remove the wishlist titled ""Best"" confirming its deletion from your list.
Only use https://streeteasy.com/ to achieve the task. Don't go to any other site. The task is achievable with just navigation from this site.",https://streeteasy.com,webbench_shopping,directory_marketplaces,commerce_platform,"['create_list', 'delete_list']"
2322,"Log in to your account, bookmark a note on a certain property. Then locate a previously bookmarked note on a property, and delete the note, then verify its removal.
Only use https://streeteasy.com/ to achieve the task. Don't go to any other site. The task is achievable with just navigation from this site.",https://streeteasy.com,webbench_shopping,directory_marketplaces,commerce_platform,"['add_to_favorite', 'remove_from_favorite']"
2332,"Log in to your account and create and save a search called ""NYC Dream."" Then update your saved search ""NYC Dream"" to include an additional filter for outdoor spaces.
Only use https://streeteasy.com/ to achieve the task. Don't go to any other site. The task is achievable with just navigation from this site.",https://streeteasy.com,webbench_shopping,directory_marketplaces,commerce_platform,"['create_list', 'update_list_metadata']"
2333,"While logged in, adjust your advanced filter settings to also include properties in adjacent boroughs beyond Manhattan.
Only use https://streeteasy.com/ to achieve the task. Don't go to any other site. The task is achievable with just navigation from this site.",https://streeteasy.com,webbench_shopping,directory_marketplaces,commerce_platform,[]
2428,"Create a new wishlist titled ""Office Supplies"" and add the ""Office Favorites Snack Box"" to it.
Only use https://www.costco.com/ to achieve the task. Don't go to any other site. The task is achievable with just navigation from this site.",https://www.costco.com,webbench_shopping,transactional_commerce,commerce_platform,"['add_to_list', 'create_list']"
2429,"Write and submit a product review for the ""Kirkland Signature Ultra Soft Bedding Set"" including a star rating and a comment on its quality.
Only use https://www.costco.com/ to achieve the task. Don't go to any other site. The task is achievable with just navigation from this site.",https://www.costco.com,webbench_shopping,transactional_commerce,commerce_platform,['create_review']
2430,"Create a digital shopping list by adding ""Kirkland Signature Almonds (bulk pack) for future order planning.
Only use https://www.costco.com/ to achieve the task. Don't go to any other site. The task is achievable with just navigation from this site.",https://www.costco.com,webbench_shopping,transactional_commerce,commerce_platform,"['add_to_list', 'create_list']"
2431,"Add 2 packs of ""Kirkland Signature AA Batteries"" and 1 pack of ""Kirkland Signature Toilet Paper"" to your cart.
Only use https://www.costco.com/ to achieve the task. Don't go to any other site. The task is achievable with just navigation from this site.",https://www.costco.com,webbench_shopping,transactional_commerce,commerce_platform,['add_to_cart']
2432,"Register a new account on Costco.com and then navigate to the membership renewal page to set up auto-renewal for the membership.
Only use https://www.costco.com/ to achieve the task. Don't go to any other site. The task is achievable with just navigation from this site.",https://www.costco.com,webbench_shopping,transactional_commerce,commerce_platform,['setup_auto_renewal']
2433,"Build a new ""My Warehouse"" inventory checklist by selecting several products and adding them to the list after checking availability at a store near zip code 10001.
Only use https://www.costco.com/ to achieve the task. Don't go to any other site. The task is achievable with just navigation from this site.",https://www.costco.com,webbench_shopping,transactional_commerce,commerce_platform,"['add_to_list', 'create_list']"
2434,"Log in to your Costco account, add ""Bulk Paper Towels"" to your shopping list, then delete the item and verify its removal from the list.
Only use https://www.costco.com/ to achieve the task. Don't go to any other site. The task is achievable with just navigation from this site.",https://www.costco.com,webbench_shopping,transactional_commerce,commerce_platform,"['add_to_list', 'remove_from_list']"
2435,"Add a new shipping address in your profile within the zip code 18940, then remove that address and ensure it no longer appears in your saved addresses.
Only use https://www.costco.com/ to achieve the task. Don't go to any other site. The task is achievable with just navigation from this site.",https://www.costco.com,webbench_shopping,transactional_commerce,commerce_platform,['update_fulfillment_method']
2441,"Add one pack of ""Kirkland Signature Organic Orange Juice"" to your cart. While reviewing your shopping cart, change the quantity of ""Kirkland Signature Organic Orange Juice"" from one pack to three packs and confirm the updated total price.
Only use https://www.costco.com/ to achieve the task. Don't go to any other site. The task is achievable with just navigation from this site.",https://www.costco.com,webbench_shopping,transactional_commerce,commerce_platform,"['add_to_cart', 'update_cart']"
2442,"In your account settings, update your shipping address from ""123 Old St"" to ""456 New Blvd"" and save the changes.
Only use https://www.costco.com/ to achieve the task. Don't go to any other site. The task is achievable with just navigation from this site.",https://www.costco.com,webbench_shopping,transactional_commerce,commerce_platform,['update_fulfillment_method']
2549,"Log in to your account, create a new wishlist titled “Home Essentials,” and add both a “Designer Sofa” and a “Coffee Table” from the Furniture category.
Only use https://www.johnlewis.com/ to achieve the task. Don't go to any other site. The task is achievable with just navigation from this site.",https://www.johnlewis.com,webbench_shopping,transactional_commerce,commerce_platform,"['add_to_list', 'create_list']"
2550,"Write and submit a product review for the “John Lewis & Partners Microwave,” including a 4-star rating and a comment of approximately 100 words.
Only use https://www.johnlewis.com/ to achieve the task. Don't go to any other site. The task is achievable with just navigation from this site.",https://www.johnlewis.com,webbench_shopping,transactional_commerce,commerce_platform,['create_review']
2551,"Log in to your account, add a “Bracelet Watch” to your wishlist, then remove it, and confirm that it has been successfully deleted from your wishlist.
Only use https://www.johnlewis.com/ to achieve the task. Don't go to any other site. The task is achievable with just navigation from this site.",https://www.johnlewis.com,webbench_shopping,transactional_commerce,commerce_platform,"['add_to_list', 'remove_from_list']"
2557,"Log in to your John Lewis account, add “Basketball Shoes” to your cart, update the quantity to 2, and confirm the new total price displayed.
Only use https://www.johnlewis.com/ to achieve the task. Don't go to any other site. The task is achievable with just navigation from this site.",https://www.johnlewis.com,webbench_shopping,transactional_commerce,commerce_platform,"['add_to_cart', 'update_cart']"
2558,"Create a list named 'Home Essentials"" and update the “Home Essentials” list by adding a “Dining Table” from the Furniture section.
Only use https://www.johnlewis.com/ to achieve the task. Don't go to any other site. The task is achievable with just navigation from this site.",https://www.johnlewis.com,webbench_shopping,transactional_commerce,commerce_platform,"['add_to_list', 'create_list']"
2559,"Sign in to your account and change your delivery preference for orders over £50 from home delivery to click-and-collect at a nearby location.
Only use https://www.johnlewis.com/ to achieve the task. Don't go to any other site. The task is achievable with just navigation from this site.",https://www.johnlewis.com,webbench_shopping,transactional_commerce,commerce_platform,['update_fulfillment_method']
2606,"Use the ""Nike By You"" customization tool to design a custom pair of sneakers with a blue color scheme, then save the design.
Only use https://www.nike.com/ to achieve the task. Don't go to any other site. The task is achievable with just navigation from this site.",https://www.nike.com,webbench_shopping,transactional_commerce,commerce_platform,['create_content']
2607,"Write and submit a product review for a pair of Nike running shoes, including a 5-star rating and comments on comfort and style.
Only use https://www.nike.com/ to achieve the task. Don't go to any other site. The task is achievable with just navigation from this site.",https://www.nike.com,webbench_shopping,transactional_commerce,commerce_platform,['create_review']
2608,"Log in to your Nike account, add a product (such as a pair of Nike soccer cleats) to your cart, then remove the product and confirm its deletion from the cart.
Only use https://www.nike.com/ to achieve the task. Don't go to any other site. The task is achievable with just navigation from this site.",https://www.nike.com,webbench_shopping,transactional_commerce,commerce_platform,"['add_to_cart', 'remove_from_cart']"
2609,"Within your Nike account settings, create a temporary saved shipping address of ""1234 Smith Drive, New York, NY 10001"" from your profile. Then remove it and verify its removal.
Only use https://www.nike.com/ to achieve the task. Don't go to any other site. The task is achievable with just navigation from this site.",https://www.nike.com,webbench_shopping,transactional_commerce,commerce_platform,['update_fulfillment_method']
2615,"Add Nike Air Force 1 product to your cart, then update the shopping cart quantity from one pair to two pairs of the item.
Only use https://www.nike.com/ to achieve the task. Don't go to any other site. The task is achievable with just navigation from this site.",https://www.nike.com,webbench_shopping,transactional_commerce,commerce_platform,"['add_to_cart', 'update_cart']"